{
  "project_info": {
    "project_number": "573015425285",
    "project_id": "socmedpeones",
    "storage_bucket": "socmedpeones.appspot.com"
  },
  "client": [
    {
      "client_info": {
        "mobilesdk_app_id": "1:573015425285:android:05e1420b37a40309e2376c",
        "android_client_info": {
          "package_name": "com.example.socmedpeones"
        }
      },
      "oauth_client": [
        {
          "client_id": "573015425285-cirs975c7l980qidkt9tud29np01de38.apps.googleusercontent.com",
          "client_type": 3
        }
      ],
      "api_key": [
        {
          "current_key": "AIzaSyDyx0NG1wdsp7dUFYxrUhJRd3dpR7uiWtQ"
        }
      ],
      "services": {
        "appinvite_service": {
          "other_platform_oauth_client": [
            {
              "client_id": "573015425285-cirs975c7l980qidkt9tud29np01de38.apps.googleusercontent.com",
              "client_type": 3
            }
          ]
        }
      }
    }
  ],
  "configuration_version": "1"
}